request_id,amount_safe_to_pay,affordability_status,recommended_payment_method,payment_plan,earliest_date_for_full_payment,spending_changes_needed,decision_explanation
request_26,15656000,affordable_now,full_payment,2025-08-03:15656000,2025-08-03,none,"Pay IDR 15656000 in full today. The lowest projected balance is IDR 40878638.36 on 2025-10-26, keeping the IDR 24768300 minimum protected."
request_27,6670,affordable_now,full_payment,2026-07-05:6670,2026-07-05,none,"Pay ZAR 6670 in full today. The lowest projected balance is ZAR 22197.32 on 2026-09-28, keeping the ZAR 20500 minimum protected."
request_28,289.23,affordable_later,wait,2024-08-15:1302.40,2024-08-15,none,"Wait until 2024-08-15 and pay EUR 1302.40 in full; only EUR 289.23 is safe today. The lowest projected balance is EUR 1389.23 on 2024-06-13, keeping the EUR 1100 minimum protected."
request_29,3221.59,not_affordable,not_recommended,none,,none,Do not proceed with the ZAR 51524 request. Only ZAR 3221.59 is safe today and the full ZAR 51524 does not become safe as one payment within the 86-day forecast.
request_30,775.20,affordable_with_plan,installments,2026-04-06:268.74|2026-05-06:268.74|2026-06-05:268.74,2026-04-06,none,"Use 3 installments of USD 268.74 starting 2026-04-06 (payment_option_83). The lowest projected balance is USD 3205.75 on 2026-06-05, keeping the USD 900 minimum protected."
request_31,2700039.54,affordable_later,wait,2024-10-15:18164000,2024-10-15,none,"Wait until 2024-10-15 and pay IDR 18164000 in full; only IDR 2700039.54 is safe today. The lowest projected balance is IDR 17217762.94 on 2024-11-13, keeping the IDR 16588900 minimum protected."
request_32,13339.36,affordable_later,wait,2025-04-15:40018,2025-04-15,none,"Wait until 2025-04-15 and pay ZAR 40018 in full; only ZAR 13339.36 is safe today. The lowest projected balance is ZAR 41144.10 on 2025-05-01, keeping the ZAR 35700 minimum protected."
request_33,30731.19,affordable_later,wait,2026-03-15:118000,2026-03-15,none,"Wait until 2026-03-15 and pay INR 118000 in full; only INR 30731.19 is safe today. The lowest projected balance is INR 119922.30 on 2026-04-02, keeping the INR 102100 minimum protected."
request_34,129400,affordable_now,full_payment,2024-12-04:129400,2024-12-04,none,"Pay INR 129400 in full today. The lowest projected balance is INR 410708.96 on 2024-12-08, keeping the INR 138500 minimum protected."
request_35,23153.93,affordable_later,wait,2026-01-15:212000,2026-01-15,none,"Wait until 2026-01-15 and pay INR 212000 in full; only INR 23153.93 is safe today. The lowest projected balance is INR 129553.93 on 2025-11-14, keeping the INR 106400 minimum protected."
request_36,588.71,affordable_later,wait,2026-09-15:3954,2026-09-15,none,"Wait until 2026-09-15 and pay USD 3954 in full; only USD 588.71 is safe today. The lowest projected balance is USD 2988.71 on 2026-07-09, keeping the USD 2400 minimum protected."
request_37,4367687.17,affordable_later,wait,2024-05-15:14649000,2024-05-15,none,"Wait until 2024-05-15 and pay IDR 14649000 in full; only IDR 4367687.17 is safe today. The lowest projected balance is IDR 21423887.17 on 2024-03-12, keeping the IDR 17056200 minimum protected."
request_38,171.65,affordable_later,wait,2025-10-15:971.30,2025-10-15,none,"Wait until 2025-10-15 and pay EUR 971.30 in full; only EUR 171.65 is safe today. The lowest projected balance is EUR 571.65 on 2025-08-14, keeping the EUR 400 minimum protected."
request_39,57446.05,affordable_later,wait,2026-06-15:208600,2026-06-15,none,"Wait until 2026-06-15 and pay INR 208600 in full; only INR 57446.05 is safe today. The lowest projected balance is INR 270846.05 on 2026-04-14, keeping the INR 213400 minimum protected."
request_40,355.74,affordable_later,wait,2024-08-15:1290.30,2024-08-15,none,"Wait until 2024-08-15 and pay EUR 1290.30 in full; only EUR 355.74 is safe today. The lowest projected balance is EUR 1855.74 on 2024-06-12, keeping the EUR 1500 minimum protected."
request_41,7644359.41,affordable_later,wait,2026-01-15:38760000,2026-01-15,none,"Wait until 2026-01-15 and pay IDR 38760000 in full; only IDR 7644359.41 is safe today. The lowest projected balance is IDR 33010959.41 on 2025-11-14, keeping the IDR 25366600 minimum protected."
request_42,28864.80,affordable_later,wait,2026-03-15:52100,2026-03-15,none,"Wait until 2026-03-15 and pay INR 52100 in full; only INR 28864.80 is safe today. The lowest projected balance is INR 134630.68 on 2026-03-31, keeping the INR 113100 minimum protected."
request_43,8273626.88,affordable_later,wait,2024-11-15:43339000,2024-11-15,none,"Wait until 2024-11-15 and pay IDR 43339000 in full; only IDR 8273626.88 is safe today. The lowest projected balance is IDR 29671626.88 on 2024-09-14, keeping the IDR 21398000 minimum protected."
request_44,38264.20,affordable_later,wait,2025-04-15:95800,2025-04-15,none,"Wait until 2025-04-15 and pay INR 95800 in full; only INR 38264.20 is safe today. The lowest projected balance is INR 109809.10 on 2025-05-01, keeping the INR 82900 minimum protected."
request_45,3361778.45,affordable_later,wait,2026-09-15:21983000,2026-09-15,none,"Wait until 2026-09-15 and pay IDR 21983000 in full; only IDR 3361778.45 is safe today. The lowest projected balance is IDR 14511578.45 on 2026-07-13, keeping the IDR 11149800 minimum protected."
request_46,35318.22,affordable_with_plan,partial_payment,2024-12-03:35318.22|2024-12-15:14131.78,2024-12-15,none,"Pay INR 35318.22 today and the remaining INR 14131.78 on 2024-12-15. The lowest projected balance is INR 84000 on 2024-12-13, keeping the INR 84000 minimum protected."
request_47,2731823.37,not_affordable,not_recommended,none,,none,Do not proceed with the IDR 38114000 request. Only IDR 2731823.37 is safe today and the full IDR 38114000 does not become safe as one payment within the 86-day forecast.
request_48,45700,affordable_now,full_payment,2026-07-25:45700,2026-07-25,none,"Pay INR 45700 in full today. The lowest projected balance is INR 76883.19 on 2026-08-14, keeping the INR 71300 minimum protected."
request_49,12655596.66,affordable_with_plan,installments,2024-03-18:11902106.67|2024-04-18:11902106.67|2024-05-19:11902106.67,2024-04-15,none,"Use 3 installments of IDR 11902106.67 starting 2024-03-18 (payment_option_133). The lowest projected balance is IDR 25320949.87 on 2024-04-14, keeping the IDR 20275700 minimum protected."
request_50,42646.87,affordable_with_plan,full_payment,2025-08-06:43900,2025-10-15,reduce_to:event_4680:1928,"Reduce Household shopping to INR 1928, then pay INR 43900 in full today. The lowest projected balance is INR 107554.36 on 2025-10-14, keeping the INR 99700 minimum protected."
request_51,2191000,affordable_now,full_payment,2026-01-03:2191000,2026-01-03,none,"Pay IDR 2191000 in full today. The lowest projected balance is IDR 14572728.64 on 2026-03-29, keeping the IDR 7811000 minimum protected."
request_52,19241.76,affordable_later,wait,2024-06-15:28870,2024-06-15,none,"Wait until 2024-06-15 and pay INR 28870 in full; only INR 19241.76 is safe today. The lowest projected balance is INR 54946.66 on 2024-07-10, keeping the INR 41500 minimum protected."
request_53,464.04,affordable_with_plan,installments,2025-11-21:589.06|2025-12-19:589.06|2026-01-16:589.06,2026-01-15,reduce_to:event_4992:44.50,"Reduce Bakery and snacks to USD 44.50, then use 3 installments of USD 589.06 starting 2025-11-21 (payment_option_145). The lowest projected balance is USD 2318.58 on 2026-01-14, keeping the USD 2100 minimum protected."
request_54,2083.52,not_affordable,not_recommended,none,,none,Do not proceed with the ZAR 121528 request. Only ZAR 2083.52 is safe today and the full ZAR 121528 does not become safe as one payment within the 86-day forecast.
request_55,128738.85,affordable_with_plan,installments,2026-06-11:75781.33|2026-07-12:75781.33|2026-08-12:75781.33,2026-07-15,reduce_to:event_5167:2750,"Reduce Family dinner to INR 2750, then use 3 installments of INR 75781.33 starting 2026-06-11 (payment_option_151). The lowest projected balance is INR 134836.61 on 2026-08-14, keeping the INR 124300 minimum protected."
request_56,632.95,affordable_with_plan,partial_payment,2025-02-03:632.95|2025-02-15:248.61,2025-02-15,none,"Pay USD 632.95 today and the remaining USD 248.61 on 2025-02-15. The lowest projected balance is USD 2100 on 2025-02-13, keeping the USD 2100 minimum protected."
request_57,12819.59,affordable_later,wait,2026-06-15:61446,2026-06-15,none,"Wait until 2026-06-15 and pay ZAR 61446 in full; only ZAR 12819.59 is safe today. The lowest projected balance is ZAR 55519.59 on 2026-04-12, keeping the ZAR 42700 minimum protected."
request_58,14943838.97,affordable_with_plan,full_payment,2024-12-07:16226000,2025-02-15,stop:event_5357|reduce_to:event_5358:350550,"Stop Food delivery membership and reduce Community fitness plan to IDR 350550, then pay IDR 16226000 in full today. The lowest projected balance is IDR 14858888.97 on 2025-02-14, keeping the IDR 14433900 minimum protected."
request_59,140316.84,affordable_with_plan,installments,2025-05-07:48741.33|2025-06-04:48741.33|2025-07-02:48741.33,,reduce_to:event_5537:3930,"Reduce Neighbourhood restaurant to INR 3930, then use 3 installments of INR 48741.33 starting 2025-05-07 (payment_option_163). The lowest projected balance is INR 148462.59 on 2025-07-28, keeping the INR 132600 minimum protected."
request_60,136.35,affordable_later,wait,2026-01-15:199.89,2026-01-15,none,"Wait until 2026-01-15 and pay USD 199.89 in full; only USD 136.35 is safe today. The lowest projected balance is USD 423.35 on 2026-02-13, keeping the USD 400 minimum protected."
request_61,29062,affordable_with_plan,installments,2024-03-17:10074.83|2024-04-17:10074.83|2024-05-18:10074.83,2024-03-03,none,"Use 3 installments of ZAR 10074.83 starting 2024-03-17 (payment_option_169). The lowest projected balance is ZAR 39358.95 on 2024-05-19, keeping the ZAR 36700 minimum protected."
request_62,404.23,affordable_now,full_payment,2025-08-05:404.23,2025-08-05,none,"Pay USD 404.23 in full today. The lowest projected balance is USD 3499.19 on 2025-10-07, keeping the USD 1300 minimum protected."
request_63,37535,not_affordable,not_recommended,none,,none,Do not proceed with the INR 343900 request. Only INR 37535 is safe today and the full INR 343900 does not become safe as one payment within the 86-day forecast.
request_64,0,not_affordable,not_recommended,none,,none,"Do not proceed with the INR 63700 request. The projected balance already falls to INR 1455.84 on 2024-06-13, below the INR 36100 minimum."
request_65,5886.73,not_affordable,not_recommended,none,,none,Do not proceed with the ZAR 54340 request. Only ZAR 5886.73 is safe today and the full ZAR 54340 does not become safe as one payment within the 86-day forecast.
request_66,22200,affordable_now,full_payment,2026-04-03:22200,2026-04-03,none,"Pay INR 22200 in full today. The lowest projected balance is INR 197893.66 on 2026-06-07, keeping the INR 80700 minimum protected."
request_67,300.78,affordable_later,wait,2024-10-15:2094,2024-10-15,none,"Wait until 2024-10-15 and pay USD 2094 in full; only USD 300.78 is safe today. The lowest projected balance is USD 1430.43 on 2024-11-14, keeping the USD 1200 minimum protected."
request_68,1333.62,affordable_with_plan,installments,2025-02-14:725.09|2025-03-14:725.09|2025-04-11:725.09,2025-03-23,reduce_to:event_6331:24.80,"Reduce Household shopping to USD 24.80, then use 3 installments of USD 725.09 starting 2025-02-14 (payment_option_187). The lowest projected balance is USD 1584.60 on 2025-04-22, keeping the USD 1500 minimum protected."
request_69,529.10,affordable_now,full_payment,2026-01-04:529.10,2026-01-04,none,"Pay EUR 529.10 in full today. The lowest projected balance is EUR 723.71 on 2026-01-12, keeping the EUR 700 minimum protected."
request_70,50476.80,affordable_later,wait,2025-02-15:243900,2025-02-15,none,"Wait until 2025-02-15 and pay INR 243900 in full; only INR 50476.80 is safe today. The lowest projected balance is INR 165476.80 on 2024-12-12, keeping the INR 115000 minimum protected."
request_71,244128.26,not_affordable,not_recommended,none,,none,Do not proceed with the IDR 21451000 request. Only IDR 244128.26 is safe today and the full IDR 21451000 does not become safe as one payment within the 86-day forecast.
request_72,11330,affordable_now,full_payment,2026-07-05:11330,2026-07-05,none,"Pay ZAR 11330 in full today. The lowest projected balance is ZAR 12429.26 on 2026-07-12, keeping the ZAR 12200 minimum protected."
request_73,71400,affordable_now,full_payment,2023-01-20:71400,2023-01-20,none,"Pay INR 71400 in full today. The lowest projected balance is INR 109503.40 on 2023-02-12, keeping the INR 103200 minimum protected."
request_74,5010,affordable_now,full_payment,2025-08-04:5010,2025-08-04,none,"Pay ZAR 5010 in full today. The lowest projected balance is ZAR 65046.90 on 2025-08-04, keeping the ZAR 21900 minimum protected."
request_75,28270,affordable_with_plan,installments,2026-04-09:9800.27|2026-05-09:9800.27|2026-06-08:9800.27,2026-04-06,reduce_to:event_6998:991.10,"Reduce Quick-service meal to ZAR 991.10, then use 3 installments of ZAR 9800.27 starting 2026-04-09 (payment_option_208). The lowest projected balance is ZAR 43047.85 on 2026-06-30, keeping the ZAR 39000 minimum protected."
request_76,324.31,not_affordable,not_recommended,none,,none,Do not proceed with the USD 4455.60 request. Only USD 324.31 is safe today and the full USD 4455.60 does not become safe as one payment within the 86-day forecast.
request_77,60102.73,affordable_with_plan,full_payment,2025-11-05:60700,2025-11-15,stop:event_7143,"Stop Online backup subscription, then pay INR 60700 in full today. The lowest projected balance is INR 82307.73 on 2025-11-13, keeping the INR 82200 minimum protected."
request_78,0,not_affordable,not_recommended,none,,none,Not recommended because the forecast is incomplete so no payment can be confirmed safe. Unresolved: transport/debit: no supplied USD->INR rate on projected date 2025-10-06.
request_79,313.14,not_affordable,not_recommended,none,,none,Do not proceed with the EUR 2151.60 request. Only EUR 313.14 is safe today and the full EUR 2151.60 does not become safe as one payment within the 86-day forecast.
request_80,20064.68,not_affordable,not_recommended,none,,none,Do not proceed with the INR 217500 request. Only INR 20064.68 is safe today and the full INR 217500 does not become safe as one payment within the 86-day forecast.
request_81,2076,affordable_now,full_payment,2026-07-03:2076,2026-07-03,none,"Pay USD 2076 in full today. The lowest projected balance is USD 1724.74 on 2026-07-12, keeping the USD 1600 minimum protected."
request_82,394.62,affordable_later,wait,2025-02-15:1405.20,2025-02-15,none,"Wait until 2025-02-15 and pay USD 1405.20 in full; only USD 394.62 is safe today. The lowest projected balance is USD 1494.62 on 2024-12-13, keeping the USD 1100 minimum protected."
request_83,11982.07,not_affordable,not_recommended,none,,none,Do not proceed with the INR 156200 request. Only INR 11982.07 is safe today and the full INR 156200 does not become safe as one payment within the 86-day forecast.
request_84,32122.63,affordable_later,wait,2026-06-15:95400,2026-06-15,none,"Wait until 2026-06-15 and pay INR 95400 in full; only INR 32122.63 is safe today. The lowest projected balance is INR 123422.63 on 2026-04-13, keeping the INR 91300 minimum protected."
request_85,392399.89,not_affordable,not_recommended,none,,none,Do not proceed with the IDR 19304000 request. Only IDR 392399.89 is safe today and the full IDR 19304000 does not become safe as one payment within the 86-day forecast.
request_86,46300,affordable_now,full_payment,2025-08-03:46300,2025-08-03,none,"Pay INR 46300 in full today. The lowest projected balance is INR 88514.78 on 2025-08-16, keeping the INR 84900 minimum protected."
request_87,16918.39,not_affordable,not_recommended,none,,none,Do not proceed with the INR 487900 request. Only INR 16918.39 is safe today and the full INR 487900 does not become safe as one payment within the 86-day forecast.
request_88,10735.77,affordable_with_plan,installments,2024-06-14:9045.23|2024-07-15:9045.23|2024-08-15:9045.23,2024-07-15,none,"Use 3 installments of ZAR 9045.23 starting 2024-06-14 (payment_option_245). The lowest projected balance is ZAR 27490.54 on 2024-06-14, keeping the ZAR 25800 minimum protected."
request_89,9392480.17,affordable_with_plan,installments,2025-11-18:4768746.67|2025-12-16:4768746.67|2026-01-13:4768746.67,2026-01-15,reduce_to:event_8337:266760|reduce_to:event_8403:203300,"Reduce Monthly shopping spend to IDR 266760 and reduce Family dinner to IDR 203300, then use 3 installments of IDR 4768746.67 starting 2025-11-18 (payment_option_248). The lowest projected balance is IDR 13069434.68 on 2026-01-13, keeping the IDR 12534700 minimum protected."
request_90,2560,affordable_now,full_payment,2026-07-06:2560,2026-07-06,none,"Pay ZAR 2560 in full today. The lowest projected balance is ZAR 21734.99 on 2026-09-18, keeping the ZAR 7600 minimum protected."
request_91,482.06,affordable_later,wait,2024-11-15:1927.20,2024-11-15,none,"Wait until 2024-11-15 and pay EUR 1927.20 in full; only EUR 482.06 is safe today. The lowest projected balance is EUR 2582.06 on 2024-09-14, keeping the EUR 2100 minimum protected."
request_92,34034,affordable_now,full_payment,2025-02-05:34034,2025-02-05,none,"Pay ZAR 34034 in full today. The lowest projected balance is ZAR 29782.63 on 2025-02-13, keeping the ZAR 28100 minimum protected."
request_93,1729.20,affordable_now,full_payment,2026-04-07:1729.20,2026-04-07,none,"Pay USD 1729.20 in full today. The lowest projected balance is USD 2002.58 on 2026-04-12, keeping the USD 1900 minimum protected."
request_94,572,affordable_now,full_payment,2024-12-04:572,2024-12-04,none,"Pay EUR 572 in full today. The lowest projected balance is EUR 1996.78 on 2024-12-08, keeping the EUR 600 minimum protected."
request_95,4648.02,not_affordable,not_recommended,none,,none,Do not proceed with the INR 553000 request. Only INR 4648.02 is safe today and the full INR 553000 does not become safe as one payment within the 86-day forecast.
request_96,72758.96,affordable_with_plan,installments,2026-01-10:31269.33|2026-02-09:31269.33|2026-03-11:31269.33,2026-02-15,reduce_to:event_8980:1610,"Reduce Quick-service meal to INR 1610, then use 3 installments of INR 31269.33 starting 2026-01-10 (payment_option_269). The lowest projected balance is INR 62577.59 on 2026-03-12, keeping the INR 56500 minimum protected."
request_97,1599.80,affordable_with_plan,installments,2024-03-19:8145.28|2024-04-19:8145.28|2024-05-20:8145.28,2024-04-15,none,"Use 3 installments of ZAR 8145.28 starting 2024-03-19 (payment_option_272). The lowest projected balance is ZAR 31299.80 on 2024-03-11, keeping the ZAR 29700 minimum protected."
request_98,6553.28,affordable_later,wait,2025-10-15:27148,2025-10-15,none,"Wait until 2025-10-15 and pay ZAR 27148 in full; only ZAR 6553.28 is safe today. The lowest projected balance is ZAR 36553.28 on 2025-08-13, keeping the ZAR 30000 minimum protected."
request_99,17445.43,affordable_with_plan,full_payment,2026-07-04:18062,2026-07-15,reduce_to:event_9232:1065.90,"Reduce Family dinner to ZAR 1065.90, then pay ZAR 18062 in full today. The lowest projected balance is ZAR 49529.52 on 2026-07-12, keeping the ZAR 49100 minimum protected."
request_100,26952.24,affordable_with_plan,installments,2024-06-13:12866.19|2024-07-14:12866.19|2024-08-14:12866.19,2024-07-15,none,"Use 3 installments of ZAR 12866.19 starting 2024-06-13 (payment_option_281). The lowest projected balance is ZAR 33317.06 on 2024-08-14, keeping the ZAR 32500 minimum protected."
request_101,143500,affordable_now,full_payment,2025-11-03:143500,2025-11-03,none,"Pay INR 143500 in full today. The lowest projected balance is INR 210592.90 on 2025-11-14, keeping the INR 187400 minimum protected."
request_102,1716,affordable_with_plan,installments,2026-04-05:594.88|2026-05-05:594.88|2026-06-04:594.88,2026-04-05,none,"Use 3 installments of EUR 594.88 starting 2026-04-05 (payment_option_287). The lowest projected balance is EUR 3838.68 on 2026-06-04, keeping the EUR 900 minimum protected."
request_103,2146.57,not_affordable,not_recommended,none,,none,Do not proceed with the INR 368300 request. Only INR 2146.57 is safe today and the full INR 368300 does not become safe as one payment within the 86-day forecast.
request_104,9536.25,affordable_later,wait,2025-04-15:17204,2025-04-15,none,"Wait until 2025-04-15 and pay ZAR 17204 in full; only ZAR 9536.25 is safe today. The lowest projected balance is ZAR 26957.38 on 2025-05-01, keeping the ZAR 24700 minimum protected."
request_105,51360.03,affordable_with_plan,full_payment,2026-06-08:53500,2026-06-15,reduce_to:event_9720:1632,"Reduce Household shopping to INR 1632, then pay INR 53500 in full today. The lowest projected balance is INR 74143.96 on 2026-06-14, keeping the INR 73900 minimum protected."
request_106,463.22,affordable_later,wait,2025-02-15:2207.70,2025-02-15,none,"Wait until 2025-02-15 and pay EUR 2207.70 in full; only EUR 463.22 is safe today. The lowest projected balance is EUR 1663.22 on 2024-12-12, keeping the EUR 1200 minimum protected."
request_107,2416.94,affordable_with_plan,installments,2025-05-08:878.59|2025-06-05:878.59|2025-07-03:878.59,2025-07-15,reduce_to:event_9959:42.50,"Reduce Quick-service meal to EUR 42.50, then use 3 installments of EUR 878.59 starting 2025-05-08 (payment_option_301). The lowest projected balance is EUR 1609.76 on 2025-07-14, keeping the EUR 1600 minimum protected."
request_108,1717.39,not_affordable,not_recommended,none,,none,Do not proceed with the ZAR 55308 request. Only ZAR 1717.39 is safe today and the full ZAR 55308 does not become safe as one payment within the 86-day forecast.
request_109,472.92,affordable_with_plan,installments,2024-03-18:645.98|2024-04-18:645.98|2024-05-19:645.98,2024-05-15,stop:event_10080|stop:event_10081,"Stop Shared storage plan and stop Video streaming plan, then use 3 installments of EUR 645.98 starting 2024-03-18 (payment_option_307). The lowest projected balance is EUR 1742.64 on 2024-05-14, keeping the EUR 1700 minimum protected."
request_110,22352,affordable_with_plan,installments,2025-08-06:7748.69|2025-09-03:7748.69|2025-10-01:7748.69,2025-08-06,none,"Use 3 installments of ZAR 7748.69 starting 2025-08-06 (payment_option_310). The lowest projected balance is ZAR 43307.59 on 2025-10-13, keeping the ZAR 11200 minimum protected."
request_111,16625000,affordable_now,full_payment,2026-04-03:16625000,2026-04-03,none,"Pay IDR 16625000 in full today. The lowest projected balance is IDR 23719944.48 on 2026-06-27, keeping the IDR 23022800 minimum protected."
request_112,271.70,affordable_now,full_payment,2024-06-05:271.70,2024-06-05,none,"Pay EUR 271.70 in full today. The lowest projected balance is EUR 515.56 on 2024-06-12, keeping the EUR 500 minimum protected."
request_113,19478.27,affordable_later,wait,2026-10-15:36500,2026-10-15,none,"Wait until 2026-10-15 and pay INR 36500 in full; only INR 19478.27 is safe today. The lowest projected balance is INR 87341.12 on 2026-11-14, keeping the INR 82300 minimum protected."
request_114,54888.32,not_affordable,not_recommended,none,,none,"Do not proceed with the INR 65300 request. Only INR 54888.32 is safe today and the full amount is not safe until 2026-01-15, after the desired date 2026-01-14."
request_115,14648.43,affordable_later,wait,2024-11-15:80500,2024-11-15,none,"Wait until 2024-11-15 and pay INR 80500 in full; only INR 14648.43 is safe today. The lowest projected balance is INR 53448.43 on 2024-09-13, keeping the INR 38800 minimum protected."
request_116,9179.84,not_affordable,not_recommended,none,,none,Do not proceed with the INR 241200 request. Only INR 9179.84 is safe today and the full INR 241200 does not become safe as one payment within the 86-day forecast.
request_117,859.10,affordable_with_plan,full_payment,2026-07-05:880,2026-07-15,reduce_to:event_10833:11|reduce_to:event_10878:20.50,"Reduce Family streaming plan to EUR 11 and reduce Weekend food delivery to EUR 20.50, then pay EUR 880 in full today. The lowest projected balance is EUR 1007.60 on 2026-07-12, keeping the EUR 1000 minimum protected."
request_118,649.88,affordable_with_plan,installments,2024-12-07:255.87|2025-01-07:255.87|2025-02-07:255.87,2025-02-15,reduce_to:event_10914:14,"Reduce Monthly shopping spend to EUR 14, then use 3 installments of EUR 255.87 starting 2024-12-07 (payment_option_334). The lowest projected balance is EUR 629.54 on 2025-02-14, keeping the EUR 600 minimum protected."
request_119,59410.40,affordable_with_plan,installments,2025-05-18:70546.67|2025-06-15:70546.67|2025-07-13:70546.67,2025-06-15,reduce_to:event_11057:2370,"Reduce Family dinner to INR 2370, then use 3 installments of INR 70546.67 starting 2025-05-18 (payment_option_337). The lowest projected balance is INR 153594.43 on 2025-07-14, keeping the INR 151200 minimum protected."
request_120,7714000,affordable_now,full_payment,2026-04-06:7714000,2026-04-06,none,"Pay IDR 7714000 in full today. The lowest projected balance is IDR 21514692.20 on 2026-04-11, keeping the IDR 20050300 minimum protected."
request_121,633.60,affordable_now,full_payment,2024-03-03:633.60,2024-03-03,none,"Pay USD 633.60 in full today. The lowest projected balance is USD 852.57 on 2024-03-14, keeping the USD 800 minimum protected."
request_122,20558000,affordable_with_plan,installments,2025-08-05:7126773.33|2025-09-02:7126773.33|2025-09-30:7126773.33,2025-08-05,none,"Use 3 installments of IDR 7126773.33 starting 2025-08-05 (payment_option_347). The lowest projected balance is IDR 32469990.73 on 2025-10-07, keeping the IDR 12588500 minimum protected."
request_123,4076000,affordable_now,full_payment,2026-01-07:4076000,2026-01-07,none,"Pay IDR 4076000 in full today. The lowest projected balance is IDR 18809690.90 on 2026-04-02, keeping the IDR 18091200 minimum protected."
request_124,1392.45,affordable_with_plan,installments,2024-06-11:1076.12|2024-07-12:1076.12|2024-08-12:1076.12,2024-07-15,reduce_to:event_11480:38,"Reduce Family dinner to EUR 38, then use 3 installments of EUR 1076.12 starting 2024-06-11 (payment_option_352). The lowest projected balance is EUR 1620.18 on 2024-08-12, keeping the EUR 1600 minimum protected."
request_125,5834.63,not_affordable,not_recommended,none,,none,"Do not proceed with the ZAR 6468 request. Only ZAR 5834.63 is safe today and the full amount is not safe until 2025-11-15, after the desired date 2025-11-14."
request_126,159600,affordable_now,full_payment,2026-07-03:159600,2026-07-03,none,"Pay INR 159600 in full today. The lowest projected balance is INR 140746.10 on 2026-09-07, keeping the INR 129700 minimum protected."
request_127,7420.92,affordable_later,wait,2024-10-15:23980,2024-10-15,none,"Wait until 2024-10-15 and pay ZAR 23980 in full; only ZAR 7420.92 is safe today. The lowest projected balance is ZAR 41949.98 on 2024-11-14, keeping the ZAR 41000 minimum protected."
request_128,25168,affordable_now,full_payment,2025-02-07:25168,2025-02-07,none,"Pay ZAR 25168 in full today. The lowest projected balance is ZAR 43993.49 on 2025-02-13, keeping the ZAR 42600 minimum protected."
request_129,111.57,not_affordable,not_recommended,none,,none,Do not proceed with the USD 2668.80 request. Only USD 111.57 is safe today and the full USD 2668.80 does not become safe as one payment within the 86-day forecast.
request_130,373.31,affordable_later,wait,2025-01-15:1978.80,2025-01-15,none,"Wait until 2025-01-15 and pay USD 1978.80 in full; only USD 373.31 is safe today. The lowest projected balance is USD 1491.30 on 2025-02-14, keeping the USD 1400 minimum protected."
request_131,1134.44,not_affordable,not_recommended,none,,none,"Do not proceed with the USD 1855.20 request. Only USD 1134.44 is safe today and the full amount is not safe until 2025-07-23, after the desired date 2025-07-08."
request_132,262,affordable_later,wait,2026-01-15:379.86,2026-01-15,none,"Wait until 2026-01-15 and pay USD 379.86 in full; only USD 262 is safe today. The lowest projected balance is USD 1115.35 on 2026-02-13, keeping the USD 1100 minimum protected."
request_133,2473806.46,not_affordable,not_recommended,none,,none,Do not proceed with the IDR 15770000 request. Only IDR 2473806.46 is safe today and the full IDR 15770000 does not become safe as one payment within the 86-day forecast.
request_134,4461408.14,affordable_later,wait,2025-10-15:21831000,2025-10-15,none,"Wait until 2025-10-15 and pay IDR 21831000 in full; only IDR 4461408.14 is safe today. The lowest projected balance is IDR 20363908.14 on 2025-08-14, keeping the IDR 15902500 minimum protected."
request_135,283.19,affordable_with_plan,full_payment,2026-07-06:304.80,2026-07-15,reduce_to:event_12413:11.50|reduce_to:event_12458:17.50,"Reduce Video streaming plan to USD 11.50 and reduce Lunch with colleagues to USD 17.50, then pay USD 304.80 in full today. The lowest projected balance is USD 506.02 on 2026-07-14, keeping the USD 500 minimum protected."
request_136,528.50,affordable_with_plan,full_payment,2024-06-03:560.40,2024-06-15,reduce_to:event_12498:27.20,"Reduce Household shopping to USD 27.20, then pay USD 560.40 in full today. The lowest projected balance is USD 1108.50 on 2024-06-14, keeping the USD 1100 minimum protected."
request_137,25682.47,affordable_later,wait,2026-01-15:80100,2026-01-15,none,"Wait until 2026-01-15 and pay INR 80100 in full; only INR 25682.47 is safe today. The lowest projected balance is INR 97482.47 on 2025-11-12, keeping the INR 71800 minimum protected."
request_138,860.56,affordable_with_plan,partial_payment,2026-04-07:860.56|2026-04-15:396.38,2026-04-15,none,"Pay EUR 860.56 today and the remaining EUR 396.38 on 2026-04-15. The lowest projected balance is EUR 2300 on 2026-04-13, keeping the EUR 2300 minimum protected."
request_139,1331.50,not_affordable,not_recommended,none,,none,Do not proceed with the USD 2316 request. Only USD 1331.50 is safe today and no payment method the user accepts keeps the USD 1500 minimum protected by 2024-11-17.
request_140,1428.80,not_affordable,not_recommended,none,,none,Do not proceed with the ZAR 62832 request. Only ZAR 1428.80 is safe today and the full ZAR 62832 does not become safe as one payment within the 86-day forecast.
request_141,18191.39,not_affordable,not_recommended,none,,none,Do not proceed with the INR 171600 request. Only INR 18191.39 is safe today and the full INR 171600 does not become safe as one payment within the 86-day forecast.
request_142,1263.60,affordable_now,full_payment,2024-12-05:1263.60,2024-12-05,none,"Pay USD 1263.60 in full today. The lowest projected balance is USD 4562.98 on 2024-12-08, keeping the USD 1700 minimum protected."
request_143,2501.34,affordable_later,wait,2025-07-15:12584,2025-07-15,none,"Wait until 2025-07-15 and pay ZAR 12584 in full; only ZAR 2501.34 is safe today. The lowest projected balance is ZAR 13801.34 on 2025-05-14, keeping the ZAR 11300 minimum protected."
request_144,233.34,affordable_now,full_payment,2026-07-04:233.34,2026-07-04,none,"Pay USD 233.34 in full today. The lowest projected balance is USD 616.71 on 2026-07-12, keeping the USD 600 minimum protected."
request_145,27650.11,affordable_with_plan,installments,2024-03-20:75365.33|2024-04-20:75365.33|2024-05-21:75365.33,2024-05-15,reduce_to:event_13409:3335,"Reduce Takeaway order to INR 3335, then use 3 installments of INR 75365.33 starting 2024-03-20 (payment_option_412). The lowest projected balance is INR 155693.38 on 2024-05-14, keeping the INR 155400 minimum protected."
request_146,16037.10,not_affordable,not_recommended,none,,none,Do not proceed with the INR 449400 request. Only INR 16037.10 is safe today and the full INR 449400 does not become safe as one payment within the 86-day forecast.
request_147,477.47,affordable_with_plan,installments,2026-04-08:391.63|2026-05-08:391.63|2026-06-07:391.63,2026-05-15,none,"Use 3 installments of EUR 391.63 starting 2026-04-08 (payment_option_418). The lowest projected balance is EUR 985.84 on 2026-04-14, keeping the EUR 900 minimum protected."
request_148,7127.02,affordable_with_plan,installments,2024-06-14:7710.56|2024-07-15:7710.56|2024-08-15:7710.56,2024-08-15,stop:event_13593|reduce_to:event_13661:531.30,"Stop Community fitness plan and reduce Family dinner to ZAR 531.30, then use 3 installments of ZAR 7710.56 starting 2024-06-14 (payment_option_421). The lowest projected balance is ZAR 20561.70 on 2024-06-14, keeping the ZAR 20000 minimum protected."
request_149,22401.21,affordable_with_plan,installments,2025-11-18:12706.03|2025-12-16:12706.03|2026-01-13:12706.03,2025-12-15,none,"Use 3 installments of ZAR 12706.03 starting 2025-11-18 (payment_option_424). The lowest projected balance is ZAR 42713.97 on 2026-01-13, keeping the ZAR 42100 minimum protected."
request_150,255.74,affordable_with_plan,installments,2026-01-06:171.98|2026-02-05:171.98|2026-03-07:171.98,2026-03-15,stop:event_13785|reduce_to:event_13786:12.50|reduce_to:event_13787:16,"Stop Online backup subscription, reduce Family streaming plan to EUR 12.50 and reduce Online retail purchases to EUR 16, then use 3 installments of EUR 171.98 starting 2026-01-06 (payment_option_427). The lowest projected balance is EUR 701.61 on 2026-03-13, keeping the EUR 700 minimum protected."
request_151,26999000,affordable_now,full_payment,2024-09-03:26999000,2024-09-03,none,"Pay IDR 26999000 in full today. The lowest projected balance is IDR 32254800.77 on 2024-09-14, keeping the IDR 31633600 minimum protected."
request_152,11084.90,affordable_with_plan,installments,2025-02-12:4812.43|2025-03-12:4812.43|2025-04-09:4812.43,2025-04-15,stop:event_13958|reduce_to:event_14024:234.30,"Stop Food delivery membership and reduce Coffee shop to ZAR 234.30, then use 3 installments of ZAR 4812.43 starting 2025-02-12 (payment_option_433). The lowest projected balance is ZAR 12056.03 on 2025-04-14, keeping the ZAR 11900 minimum protected."
request_153,15.20,not_affordable,not_recommended,none,,none,Do not proceed with the USD 2830.80 request. Only USD 15.20 is safe today and the full USD 2830.80 does not become safe as one payment within the 86-day forecast.
request_154,1625.80,affordable_with_plan,installments,2024-12-04:563.61|2025-01-04:563.61|2025-02-04:563.61,2024-12-04,reduce_to:event_14186:27.20,"Reduce Personal shopping to EUR 27.20, then use 3 installments of EUR 563.61 starting 2024-12-04 (payment_option_438). The lowest projected balance is EUR 1376.37 on 2025-02-13, keeping the EUR 1300 minimum protected."
request_155,112500,affordable_now,full_payment,2025-05-06:112500,2025-05-06,none,"Pay INR 112500 in full today. The lowest projected balance is INR 76602.21 on 2025-05-14, keeping the INR 56300 minimum protected."
request_156,9491.14,affordable_later,wait,2026-06-15:43076,2026-06-15,none,"Wait until 2026-06-15 and pay ZAR 43076 in full; only ZAR 9491.14 is safe today. The lowest projected balance is ZAR 36391.14 on 2026-04-11, keeping the ZAR 26900 minimum protected."
request_157,4775248.01,affordable_later,wait,2024-04-15:23503000,2024-04-15,none,"Wait until 2024-04-15 and pay IDR 23503000 in full; only IDR 4775248.01 is safe today. The lowest projected balance is IDR 17255175.07 on 2024-05-14, keeping the IDR 15714100 minimum protected."
request_158,242600,affordable_with_plan,installments,2025-08-07:84101.33|2025-09-04:84101.33|2025-10-02:84101.33,2025-08-07,none,"Use 3 installments of INR 84101.33 starting 2025-08-07 (payment_option_449). The lowest projected balance is INR 622162.19 on 2025-08-13, keeping the INR 131400 minimum protected."
request_159,805.88,not_affordable,not_recommended,none,,none,Do not proceed with the ZAR 13398 request. Only ZAR 805.88 is safe today and the full ZAR 13398 does not become safe as one payment within the 86-day forecast.
request_160,569.52,affordable_with_plan,installments,2024-06-13:432.05|2024-07-14:432.05|2024-08-14:432.05,2024-07-15,none,"Use 3 installments of EUR 432.05 starting 2024-06-13 (payment_option_454). The lowest projected balance is EUR 1337.47 on 2024-06-13, keeping the EUR 1200 minimum protected."
request_161,6906804.19,affordable_later,wait,2026-01-15:21204000,2026-01-15,none,"Wait until 2026-01-15 and pay IDR 21204000 in full; only IDR 6906804.19 is safe today. The lowest projected balance is IDR 29917204.19 on 2025-11-13, keeping the IDR 23010400 minimum protected."
request_162,1255094.80,not_affordable,not_recommended,none,,none,Do not proceed with the IDR 83923000 request. Only IDR 1255094.80 is safe today and the full IDR 83923000 does not become safe as one payment within the 86-day forecast.
request_163,8809583.40,affordable_with_plan,installments,2024-09-10:6692053.33|2024-10-11:6692053.33|2024-11-11:6692053.33,2024-11-15,reduce_to:event_15018:664050,"Reduce Neighbourhood restaurant to IDR 664050, then use 3 installments of IDR 6692053.33 starting 2024-09-10 (payment_option_462). The lowest projected balance is IDR 29086344.10 on 2024-10-14, keeping the IDR 26728700 minimum protected."
request_164,27018000,affordable_with_plan,installments,2025-02-11:9366240|2025-03-11:9366240|2025-04-08:9366240,2025-02-04,none,"Use 3 installments of IDR 9366240 starting 2025-02-11 (payment_option_465). The lowest projected balance is IDR 34106757.73 on 2025-04-13, keeping the IDR 29550500 minimum protected."
request_165,80600,affordable_now,full_payment,2026-04-06:80600,2026-04-06,none,"Pay INR 80600 in full today. The lowest projected balance is INR 114052.36 on 2026-06-28, keeping the INR 95000 minimum protected."
request_166,2907.60,affordable_with_plan,installments,2024-12-03:1007.97|2025-01-03:1007.97|2025-02-03:1007.97,2024-12-03,none,"Use 3 installments of USD 1007.97 starting 2024-12-03 (payment_option_471). The lowest projected balance is USD 6770.65 on 2025-02-07, keeping the USD 1700 minimum protected."
request_167,43802,affordable_now,full_payment,2025-05-05:43802,2025-05-05,none,"Pay ZAR 43802 in full today. The lowest projected balance is ZAR 36328.16 on 2025-05-19, keeping the ZAR 31200 minimum protected."
request_168,30444.55,affordable_with_plan,partial_payment,2026-01-07:30444.55|2026-02-15:18935.45,2026-02-15,none,"Pay INR 30444.55 today and the remaining INR 18935.45 on 2026-02-15. The lowest projected balance is INR 114400 on 2026-01-13, keeping the INR 114400 minimum protected."
request_169,41976,affordable_now,full_payment,2024-03-04:41976,2024-03-04,none,"Pay ZAR 41976 in full today. The lowest projected balance is ZAR 23799.65 on 2024-03-14, keeping the ZAR 18700 minimum protected."
request_170,29866830.92,affordable_with_plan,installments,2025-08-06:12804480|2025-09-03:12804480|2025-10-01:12804480,2025-09-15,none,"Use 3 installments of IDR 12804480 starting 2025-08-06 (payment_option_483). The lowest projected balance is IDR 25610005.95 on 2025-10-14, keeping the IDR 24715800 minimum protected."
request_171,33.02,not_affordable,not_recommended,none,,none,Do not proceed with the EUR 1878.80 request. Only EUR 33.02 is safe today and the full EUR 1878.80 does not become safe as one payment within the 86-day forecast.
request_172,9077.61,affordable_with_plan,partial_payment,2024-06-05:9077.61|2024-06-15:1122.39,2024-06-15,none,"Pay ZAR 9077.61 today and the remaining ZAR 1122.39 on 2024-06-15. The lowest projected balance is ZAR 27200 on 2024-06-12, keeping the ZAR 27200 minimum protected."
request_173,55371.35,affordable_with_plan,installments,2025-11-21:39173.33|2025-12-19:39173.33|2026-01-16:39173.33,2026-01-15,none,"Use 3 installments of INR 39173.33 starting 2025-11-21 (payment_option_491). The lowest projected balance is INR 81564.57 on 2026-01-14, keeping the INR 79100 minimum protected."
request_174,1146.20,affordable_with_plan,installments,2026-04-04:397.35|2026-05-04:397.35|2026-06-03:397.35,2026-04-04,none,"Use 3 installments of EUR 397.35 starting 2026-04-04 (payment_option_494). The lowest projected balance is EUR 787.80 on 2026-06-27, keeping the EUR 700 minimum protected."
request_175,2346.30,affordable_now,full_payment,2024-09-06:2346.30,2024-09-06,none,"Pay EUR 2346.30 in full today. The lowest projected balance is EUR 1908.34 on 2024-09-14, keeping the EUR 1700 minimum protected."
request_176,26.37,not_affordable,not_recommended,none,,none,Do not proceed with the EUR 1239.70 request. Only EUR 26.37 is safe today and the full EUR 1239.70 does not become safe as one payment within the 86-day forecast.
request_177,1017.60,affordable_now,full_payment,2026-01-05:1017.60,2026-01-05,none,"Pay USD 1017.60 in full today. The lowest projected balance is USD 1390.51 on 2026-01-14, keeping the USD 1300 minimum protected."
request_178,2938.10,affordable_with_plan,installments,2024-12-07:1018.54|2025-01-07:1018.54|2025-02-07:1018.54,2024-12-07,none,"Use 3 installments of EUR 1018.54 starting 2024-12-07 (payment_option_506). The lowest projected balance is EUR 6310.79 on 2025-02-07, keeping the EUR 1400 minimum protected."
request_179,6584779.79,affordable_later,wait,2025-07-15:41648000,2025-07-15,none,"Wait until 2025-07-15 and pay IDR 41648000 in full; only IDR 6584779.79 is safe today. The lowest projected balance is IDR 48015579.79 on 2025-05-13, keeping the IDR 41430800 minimum protected."
request_180,66500,affordable_now,full_payment,2026-07-06:66500,2026-07-06,none,"Pay INR 66500 in full today. The lowest projected balance is INR 47440.38 on 2026-07-12, keeping the INR 37300 minimum protected."
request_181,407.29,not_affordable,not_recommended,none,,none,Do not proceed with the USD 5059.20 request. Only USD 407.29 is safe today and the full USD 5059.20 does not become safe as one payment within the 86-day forecast.
request_182,65714,affordable_now,full_payment,2025-08-05:65714,2025-08-05,none,"Pay ZAR 65714 in full today. The lowest projected balance is ZAR 42771.26 on 2025-08-13, keeping the ZAR 31100 minimum protected."
request_183,22982284.09,affordable_with_plan,installments,2026-04-10:9313546.67|2026-05-10:9313546.67|2026-06-09:9313546.67,2026-05-15,reduce_to:event_16815:365560,"Reduce Household shopping to IDR 365560, then use 3 installments of IDR 9313546.67 starting 2026-04-10 (payment_option_521). The lowest projected balance is IDR 13244344.21 on 2026-06-14, keeping the IDR 11878300 minimum protected."
request_184,7134.14,not_affordable,not_recommended,none,,none,Do not proceed with the INR 251900 request. Only INR 7134.14 is safe today and the full INR 251900 does not become safe as one payment within the 86-day forecast.
request_185,309.85,affordable_later,wait,2026-01-15:1257.30,2026-01-15,none,"Wait until 2026-01-15 and pay EUR 1257.30 in full; only EUR 309.85 is safe today. The lowest projected balance is EUR 1609.85 on 2025-11-13, keeping the EUR 1300 minimum protected."
request_186,4156.69,affordable_later,wait,2026-03-15:26554,2026-03-15,none,"Wait until 2026-03-15 and pay ZAR 26554 in full; only ZAR 4156.69 is safe today. The lowest projected balance is ZAR 26156.69 on 2026-01-13, keeping the ZAR 22000 minimum protected."
request_187,37844.44,affordable_later,wait,2024-11-15:187500,2024-11-15,none,"Wait until 2024-11-15 and pay INR 187500 in full; only INR 37844.44 is safe today. The lowest projected balance is INR 166144.44 on 2024-09-13, keeping the INR 128300 minimum protected."
request_188,102.93,not_affordable,not_recommended,none,,none,Do not proceed with the EUR 2464 request. Only EUR 102.93 is safe today and the full EUR 2464 does not become safe as one payment within the 86-day forecast.
request_189,488.40,affordable_now,full_payment,2026-07-04:488.40,2026-07-04,none,"Pay EUR 488.40 in full today. The lowest projected balance is EUR 474.49 on 2026-07-11, keeping the EUR 400 minimum protected."
request_190,478.56,affordable_later,wait,2025-02-15:2557.50,2025-02-15,none,"Wait until 2025-02-15 and pay EUR 2557.50 in full; only EUR 478.56 is safe today. The lowest projected balance is EUR 2078.56 on 2024-12-14, keeping the EUR 1600 minimum protected."
request_191,664.40,affordable_now,full_payment,2025-05-03:664.40,2025-05-03,none,"Pay EUR 664.40 in full today. The lowest projected balance is EUR 601.50 on 2025-05-14, keeping the EUR 500 minimum protected."
request_192,163.73,not_affordable,not_recommended,none,,none,"Do not proceed with the USD 2046 request. Only USD 163.73 is safe today and the full amount is not safe until 2026-06-24, after the desired date 2026-05-11."
request_193,33.63,affordable_with_plan,installments,2024-03-21:420.23|2024-04-21:420.23|2024-05-22:420.23,2024-04-15,none,"Use 3 installments of EUR 420.23 starting 2024-03-21 (payment_option_549). The lowest projected balance is EUR 1033.63 on 2024-03-14, keeping the EUR 1000 minimum protected."
request_194,33083.27,affordable_later,wait,2025-10-23:132800,2025-10-23,none,"Wait until 2025-10-23 and pay INR 132800 in full; only INR 33083.27 is safe today. The lowest projected balance is INR 146683.27 on 2025-08-17, keeping the INR 113600 minimum protected."
request_195,965.93,affordable_with_plan,installments,2026-01-09:405.74|2026-02-08:405.74|2026-03-10:405.74,2026-02-15,reduce_to:event_17957:13,"Reduce Games and recreation to EUR 13, then use 3 installments of EUR 405.74 starting 2026-01-09 (payment_option_555). The lowest projected balance is EUR 721.87 on 2026-03-14, keeping the EUR 700 minimum protected."
request_196,762.30,affordable_now,full_payment,2024-06-03:762.30,2024-06-03,none,"Pay EUR 762.30 in full today. The lowest projected balance is EUR 664.77 on 2024-06-10, keeping the EUR 500 minimum protected."
request_197,50939000,affordable_with_plan,installments,2025-11-19:17658853.33|2025-12-17:17658853.33|2026-01-14:17658853.33,2025-11-05,none,"Use 3 installments of IDR 17658853.33 starting 2025-11-19 (payment_option_562). The lowest projected balance is IDR 27826624.09 on 2026-01-14, keeping the IDR 26245900 minimum protected."
request_198,185800,affordable_now,full_payment,2026-07-07:185800,2026-07-07,none,"Pay INR 185800 in full today. The lowest projected balance is INR 157332.65 on 2026-07-14, keeping the INR 124300 minimum protected."
request_199,23674000,affordable_with_plan,installments,2024-09-07:8206986.67|2024-10-08:8206986.67|2024-11-08:8206986.67,2024-09-04,none,"Use 3 installments of IDR 8206986.67 starting 2024-09-07 (payment_option_569). The lowest projected balance is IDR 27520223.40 on 2024-11-28, keeping the IDR 25359500 minimum protected."
request_200,21717000,affordable_now,full_payment,2025-02-06:21717000,2025-02-06,none,"Pay IDR 21717000 in full today. The lowest projected balance is IDR 24351759.97 on 2025-02-13, keeping the IDR 20114600 minimum protected."
request_201,23997000,affordable_now,full_payment,2026-04-03:23997000,2026-04-03,none,"Pay IDR 23997000 in full today. The lowest projected balance is IDR 22680698.09 on 2026-06-25, keeping the IDR 17304500 minimum protected."
request_202,123900,affordable_now,full_payment,2024-12-05:123900,2024-12-05,none,"Pay INR 123900 in full today. The lowest projected balance is INR 170819.90 on 2024-12-14, keeping the INR 147800 minimum protected."
request_203,1442.10,affordable_with_plan,installments,2025-05-10:499.93|2025-06-07:499.93|2025-07-05:499.93,2025-05-07,none,"Use 3 installments of EUR 499.93 starting 2025-05-10 (payment_option_583). The lowest projected balance is EUR 3547.18 on 2025-07-17, keeping the EUR 1400 minimum protected."
request_204,572.06,affordable_later,wait,2026-01-15:588.74,2026-01-15,none,"Wait until 2026-01-15 and pay EUR 588.74 in full; only EUR 572.06 is safe today. The lowest projected balance is EUR 1415.68 on 2026-02-13, keeping the EUR 1300 minimum protected."
request_205,10621000,affordable_now,full_payment,2024-03-06:10621000,2024-03-06,none,"Pay IDR 10621000 in full today. The lowest projected balance is IDR 15505567.73 on 2024-03-13, keeping the IDR 13994300 minimum protected."
request_206,1404.70,affordable_with_plan,installments,2025-08-03:486.96|2025-08-31:486.96|2025-09-28:486.96,2025-08-03,none,"Use 3 installments of EUR 486.96 starting 2025-08-03 (payment_option_592). The lowest projected balance is EUR 4292.08 on 2025-08-03, keeping the EUR 900 minimum protected."
request_207,4516.76,affordable_later,wait,2026-07-15:11830,2026-07-15,none,"Wait until 2026-07-15 and pay ZAR 11830 in full; only ZAR 4516.76 is safe today. The lowest projected balance is ZAR 15402.96 on 2026-08-12, keeping the ZAR 13600 minimum protected."
request_208,3040802.28,affordable_later,wait,2024-06-15:4413000,2024-06-15,none,"Wait until 2024-06-15 and pay IDR 4413000 in full; only IDR 3040802.28 is safe today. The lowest projected balance is IDR 12278719.21 on 2024-07-11, keeping the IDR 10470700 minimum protected."
request_209,1660.21,not_affordable,not_recommended,none,,none,Do not proceed with the ZAR 56914 request. Only ZAR 1660.21 is safe today and the full ZAR 56914 does not become safe as one payment within the 86-day forecast.
request_210,989.08,affordable_with_plan,partial_payment,2026-04-06:989.08|2026-04-15:370.94,2026-04-15,none,"Pay USD 989.08 today and the remaining USD 370.94 on 2026-04-15. The lowest projected balance is USD 2000 on 2026-04-13, keeping the USD 2000 minimum protected."
request_211,252.02,affordable_later,wait,2024-10-15:1788.60,2024-10-15,none,"Wait until 2024-10-15 and pay EUR 1788.60 in full; only EUR 252.02 is safe today. The lowest projected balance is EUR 1592.18 on 2024-11-13, keeping the EUR 1500 minimum protected."
request_212,4092864.87,not_affordable,not_recommended,none,,none,Do not proceed with the IDR 71934000 request. Only IDR 4092864.87 is safe today and the full IDR 71934000 does not become safe as one payment within the 86-day forecast.
request_213,2693.68,not_affordable,not_recommended,none,,none,Do not proceed with the USD 3362.40 request. Only USD 2693.68 is safe today and the full USD 3362.40 does not become safe as one payment within the 86-day forecast.
request_214,41113.72,affordable_with_plan,partial_payment,2024-12-04:41113.72|2024-12-15:28636.28,2024-12-15,none,"Pay INR 41113.72 today and the remaining INR 28636.28 on 2024-12-15. The lowest projected balance is INR 174900 on 2024-12-14, keeping the INR 174900 minimum protected."
request_215,29986,affordable_with_plan,installments,2025-05-09:10395.15|2025-06-06:10395.15|2025-07-04:10395.15,2025-05-06,none,"Use 3 installments of ZAR 10395.15 starting 2025-05-09 (payment_option_616). The lowest projected balance is ZAR 18491.48 on 2025-07-30, keeping the ZAR 15700 minimum protected."
request_216,483.10,affordable_later,wait,2026-09-15:3332.40,2026-09-15,none,"Wait until 2026-09-15 and pay USD 3332.40 in full; only USD 483.10 is safe today. The lowest projected balance is USD 2283.10 on 2026-07-09, keeping the USD 1800 minimum protected."
request_217,19583.40,affordable_with_plan,installments,2024-03-19:12889.07|2024-04-19:12889.07|2024-05-20:12889.07,2024-05-15,none,"Use 3 installments of ZAR 12889.07 starting 2024-03-19 (payment_option_622). The lowest projected balance is ZAR 27506.15 on 2024-05-13, keeping the ZAR 26800 minimum protected."
request_218,24611852.52,affordable_with_plan,installments,2025-08-07:21195893.33|2025-09-04:21195893.33|2025-10-02:21195893.33,2025-09-15,none,"Use 3 installments of IDR 21195893.33 starting 2025-08-07 (payment_option_625). The lowest projected balance is IDR 37893159.19 on 2025-08-14, keeping the IDR 34477200 minimum protected."
request_219,711.17,affordable_with_plan,installments,2026-04-07:580.01|2026-05-07:580.01|2026-06-06:580.01,2026-05-15,none,"Use 3 installments of EUR 580.01 starting 2026-04-07 (payment_option_628). The lowest projected balance is EUR 1192.83 on 2026-05-14, keeping the EUR 1100 minimum protected."
request_220,72.35,not_affordable,not_recommended,none,,none,Do not proceed with the EUR 3118.50 request. Only EUR 72.35 is safe today and the full EUR 3118.50 does not become safe as one payment within the 86-day forecast.
request_221,109800,affordable_now,full_payment,2025-11-03:109800,2025-11-03,none,"Pay INR 109800 in full today. The lowest projected balance is INR 104106.06 on 2025-11-13, keeping the INR 81500 minimum protected."
request_222,34078,affordable_now,full_payment,2026-01-05:34078,2026-01-05,none,"Pay ZAR 34078 in full today. The lowest projected balance is ZAR 84023.70 on 2026-01-05, keeping the ZAR 27300 minimum protected."
request_223,898.70,affordable_now,full_payment,2024-09-07:898.70,2024-09-07,none,"Pay EUR 898.70 in full today. The lowest projected balance is EUR 997.42 on 2024-09-14, keeping the EUR 800 minimum protected."
request_224,10327000,affordable_with_plan,installments,2025-02-04:5370040|2025-03-04:5370040,2025-02-04,none,"Use 2 installments of IDR 5370040 starting 2025-02-04 (payment_option_645). The lowest projected balance is IDR 27912476.29 on 2025-03-12, keeping the IDR 22187600 minimum protected."
request_225,9590423.21,affordable_with_plan,installments,2026-07-20:7647120|2026-08-19:7647120|2026-09-18:7647120,2026-09-15,none,"Use 3 installments of IDR 7647120 starting 2026-07-20 (payment_option_647). The lowest projected balance is IDR 18566453.43 on 2026-09-13, keeping the IDR 17670700 minimum protected."
request_226,157000,affordable_now,full_payment,2024-12-03:157000,2024-12-03,none,"Pay INR 157000 in full today. The lowest projected balance is INR 237293.49 on 2025-01-14, keeping the INR 209400 minimum protected."
request_227,7567.27,not_affordable,not_recommended,none,,none,Do not proceed with the INR 259700 request. Only INR 7567.27 is safe today and the full INR 259700 does not become safe as one payment within the 86-day forecast.
request_228,1601201.62,not_affordable,not_recommended,none,,none,Do not proceed with the IDR 63327000 request. Only IDR 1601201.62 is safe today and the full IDR 63327000 does not become safe as one payment within the 86-day forecast.
request_229,506.93,affordable_with_plan,installments,2024-03-18:529.29|2024-04-18:529.29|2024-05-19:529.29,2024-05-15,none,"Use 3 installments of EUR 529.29 starting 2024-03-18 (payment_option_659). The lowest projected balance is EUR 1109.92 on 2024-05-14, keeping the EUR 1000 minimum protected."
request_230,3537.60,affordable_now,full_payment,2025-08-06:3537.60,2025-08-06,none,"Pay EUR 3537.60 in full today. The lowest projected balance is EUR 2513.70 on 2025-10-14, keeping the EUR 2000 minimum protected."
request_231,30710.56,affordable_with_plan,installments,2026-01-06:12378.08|2026-02-05:12378.08|2026-03-07:12378.08,2026-02-15,reduce_to:event_21305:845.90,"Reduce Quick-service meal to ZAR 845.90, then use 3 installments of ZAR 12378.08 starting 2026-01-06 (payment_option_666). The lowest projected balance is ZAR 31998.02 on 2026-03-14, keeping the ZAR 24300 minimum protected."
request_232,631.96,affordable_later,wait,2024-08-15:1970.10,2024-08-15,none,"Wait until 2024-08-15 and pay EUR 1970.10 in full; only EUR 631.96 is safe today. The lowest projected balance is EUR 3031.96 on 2024-07-14, keeping the EUR 2400 minimum protected."
request_233,3738334.07,affordable_with_plan,partial_payment,2025-11-07:3738334.07|2025-11-15:2502665.93,2025-11-15,none,"Pay IDR 3738334.07 today and the remaining IDR 2502665.93 on 2025-11-15. The lowest projected balance is IDR 10365700 on 2025-11-14, keeping the IDR 10365700 minimum protected."
request_234,183.19,affordable_later,wait,2026-09-15:1213.30,2026-09-15,none,"Wait until 2026-09-15 and pay EUR 1213.30 in full; only EUR 183.19 is safe today. The lowest projected balance is EUR 883.19 on 2026-07-12, keeping the EUR 700 minimum protected."
request_235,967.20,affordable_now,full_payment,2024-09-06:967.20,2024-09-06,none,"Pay USD 967.20 in full today. The lowest projected balance is USD 820.61 on 2024-09-14, keeping the USD 700 minimum protected."
request_236,5830036.96,not_affordable,not_recommended,none,,none,Do not proceed with the IDR 52383000 request. Only IDR 5830036.96 is safe today and the full IDR 52383000 does not become safe as one payment within the 86-day forecast.
request_237,23826000,affordable_now,full_payment,2026-04-05:23826000,2026-04-05,none,"Pay IDR 23826000 in full today. The lowest projected balance is IDR 28529178.78 on 2026-06-27, keeping the IDR 22431500 minimum protected."
request_238,663.60,affordable_with_plan,installments,2024-12-07:230.05|2025-01-07:230.05|2025-02-07:230.05,2024-12-07,none,"Use 3 installments of USD 230.05 starting 2024-12-07 (payment_option_686). The lowest projected balance is USD 721.56 on 2025-02-14, keeping the USD 700 minimum protected."
request_239,642,affordable_now,full_payment,2025-05-04:642,2025-05-04,none,"Pay USD 642 in full today. The lowest projected balance is USD 654.44 on 2025-05-14, keeping the USD 600 minimum protected."
request_240,13746.71,not_affordable,not_recommended,none,,none,Do not proceed with the INR 101200 request. Only INR 13746.71 is safe today and the full INR 101200 does not become safe as one payment within the 86-day forecast.
request_241,21052000,affordable_with_plan,installments,2024-03-17:7298026.67|2024-04-17:7298026.67|2024-05-18:7298026.67,2024-03-03,none,"Use 3 installments of IDR 7298026.67 starting 2024-03-17 (payment_option_695). The lowest projected balance is IDR 21984634.15 on 2024-05-19, keeping the IDR 19252000 minimum protected."
request_242,27.28,not_affordable,not_recommended,none,,none,Do not proceed with the EUR 1966.80 request. Only EUR 27.28 is safe today and the full EUR 1966.80 does not become safe as one payment within the 86-day forecast.
request_243,17468,affordable_now,full_payment,2026-07-07:17468,2026-07-07,none,"Pay ZAR 17468 in full today. The lowest projected balance is ZAR 24318.54 on 2026-07-12, keeping the ZAR 19900 minimum protected."
request_244,49918,affordable_now,full_payment,2024-06-04:49918,2024-06-04,none,"Pay ZAR 49918 in full today. The lowest projected balance is ZAR 59789.03 on 2024-06-12, keeping the ZAR 45900 minimum protected."
request_245,24005.91,affordable_later,wait,2026-01-15:128500,2026-01-15,none,"Wait until 2026-01-15 and pay INR 128500 in full; only INR 24005.91 is safe today. The lowest projected balance is INR 118605.91 on 2025-11-14, keeping the INR 94600 minimum protected."
request_246,64086,affordable_with_plan,installments,2026-04-03:22216.48|2026-05-03:22216.48|2026-06-02:22216.48,2026-04-03,none,"Use 3 installments of ZAR 22216.48 starting 2026-04-03 (payment_option_710). The lowest projected balance is ZAR 42281.79 on 2026-06-26, keeping the ZAR 39300 minimum protected."
request_247,1059.30,affordable_now,full_payment,2024-09-05:1059.30,2024-09-05,none,"Pay EUR 1059.30 in full today. The lowest projected balance is EUR 1344.02 on 2024-09-13, keeping the EUR 1300 minimum protected."
request_248,385.98,not_affordable,not_recommended,none,,none,Do not proceed with the USD 1965.60 request. Only USD 385.98 is safe today and the full USD 1965.60 does not become safe as one payment within the 86-day forecast.
request_249,126.52,affordable_later,wait,2026-03-15:643.20,2026-03-15,none,"Wait until 2026-03-15 and pay USD 643.20 in full; only USD 126.52 is safe today. The lowest projected balance is USD 726.52 on 2026-01-14, keeping the USD 600 minimum protected."
request_250,15440.17,not_affordable,not_recommended,none,,none,Do not proceed with the ZAR 124278 request. Only ZAR 15440.17 is safe today and the full ZAR 124278 does not become safe as one payment within the 86-day forecast.
request_251,1058.74,not_affordable,not_recommended,none,,none,"Do not proceed with the EUR 1513.60 request. Only EUR 1058.74 is safe today and the full amount is not safe until 2025-07-25, after the desired date 2025-06-06."
request_252,3988819.51,affordable_later,wait,2026-09-15:28082000,2026-09-15,none,"Wait until 2026-09-15 and pay IDR 28082000 in full; only IDR 3988819.51 is safe today. The lowest projected balance is IDR 19141019.51 on 2026-07-11, keeping the IDR 15152200 minimum protected."
request_253,1370.82,affordable_with_plan,installments,2024-03-21:984.60|2024-04-21:984.60|2024-05-22:984.60,2024-05-15,none,"Use 3 installments of EUR 984.60 starting 2024-03-21 (payment_option_729). The lowest projected balance is EUR 2421.36 on 2024-05-14, keeping the EUR 2300 minimum protected."
request_254,637.23,affordable_later,wait,2025-10-15:3535.20,2025-10-15,none,"Wait until 2025-10-15 and pay USD 3535.20 in full; only USD 637.23 is safe today. The lowest projected balance is USD 3137.23 on 2025-08-13, keeping the USD 2500 minimum protected."
request_255,3345000,affordable_now,full_payment,2026-04-06:3345000,2026-04-06,none,"Pay IDR 3345000 in full today. The lowest projected balance is IDR 11057646.06 on 2026-06-30, keeping the IDR 9813900 minimum protected."
request_256,152799.25,affordable_with_plan,installments,2024-06-10:75816|2024-07-11:75816|2024-08-11:75816,2024-07-15,none,"Use 3 installments of INR 75816 starting 2024-06-10 (payment_option_737). The lowest projected balance is INR 185548.90 on 2024-08-12, keeping the INR 168600 minimum protected."
request_257,317.96,affordable_later,wait,2026-01-15:1352.40,2026-01-15,none,"Wait until 2026-01-15 and pay USD 1352.40 in full; only USD 317.96 is safe today. The lowest projected balance is USD 1917.96 on 2025-11-14, keeping the USD 1600 minimum protected."
request_258,1113.60,affordable_now,full_payment,2026-01-07:1113.60,2026-01-07,none,"Pay USD 1113.60 in full today. The lowest projected balance is USD 629.16 on 2026-03-13, keeping the USD 500 minimum protected."
request_259,253.01,affordable_later,wait,2024-11-15:935,2024-11-15,none,"Wait until 2024-11-15 and pay EUR 935 in full; only EUR 253.01 is safe today. The lowest projected balance is EUR 853.01 on 2024-09-13, keeping the EUR 600 minimum protected."
request_260,7565639.94,not_affordable,not_recommended,none,,none,Do not proceed with the IDR 52079000 request. Only IDR 7565639.94 is safe today and the full IDR 52079000 does not become safe as one payment within the 86-day forecast.
request_261,1830.40,affordable_now,full_payment,2026-07-03:1830.40,2026-07-03,none,"Pay EUR 1830.40 in full today. The lowest projected balance is EUR 1843.89 on 2026-07-10, keeping the EUR 1500 minimum protected."
request_262,9236000,affordable_now,full_payment,2024-12-05:9236000,2024-12-05,none,"Pay IDR 9236000 in full today. The lowest projected balance is IDR 32929238.72 on 2025-02-13, keeping the IDR 31018500 minimum protected."
request_263,5805.05,not_affordable,not_recommended,none,,none,Do not proceed with the ZAR 51546 request. Only ZAR 5805.05 is safe today and the full ZAR 51546 does not become safe as one payment within the 86-day forecast.
request_264,23492.16,affordable_later,wait,2026-06-15:111300,2026-06-15,none,"Wait until 2026-06-15 and pay INR 111300 in full; only INR 23492.16 is safe today. The lowest projected balance is INR 82992.16 on 2026-04-11, keeping the INR 59500 minimum protected."
request_265,45970,affordable_now,full_payment,2024-03-06:45970,2024-03-06,none,"Pay INR 45970 in full today. The lowest projected balance is INR 221985.77 on 2024-05-28, keeping the INR 189700 minimum protected."
request_266,770.25,affordable_with_plan,installments,2025-08-03:324.13|2025-08-31:324.13|2025-09-28:324.13,2025-09-15,none,"Use 3 installments of EUR 324.13 starting 2025-08-03 (payment_option_764). The lowest projected balance is EUR 927.41 on 2025-10-14, keeping the EUR 900 minimum protected."
request_267,1641.70,affordable_with_plan,installments,2026-01-08:667.33|2026-02-07:667.33|2026-03-09:667.33,2026-02-15,stop:event_24573,"Stop Family streaming plan, then use 3 installments of EUR 667.33 starting 2026-01-08 (payment_option_767). The lowest projected balance is EUR 1640.27 on 2026-03-14, keeping the EUR 1500 minimum protected."
request_268,1041.50,affordable_with_plan,installments,2024-06-14:841.22|2024-07-15:841.22|2024-08-15:841.22,2024-07-15,none,"Use 3 installments of EUR 841.22 starting 2024-06-14 (payment_option_770). The lowest projected balance is EUR 1600.28 on 2024-06-14, keeping the EUR 1400 minimum protected."
request_269,9921.58,affordable_later,wait,2025-12-15:15490,2025-12-15,none,"Wait until 2025-12-15 and pay ZAR 15490 in full; only ZAR 9921.58 is safe today. The lowest projected balance is ZAR 28364.11 on 2026-01-13, keeping the ZAR 23100 minimum protected."
request_270,96.77,not_affordable,not_recommended,none,,none,Do not proceed with the USD 3028.80 request. Only USD 96.77 is safe today and the full USD 3028.80 does not become safe as one payment within the 86-day forecast.
request_271,13812.38,affordable_later,wait,2024-11-15:91300,2024-11-15,none,"Wait until 2024-11-15 and pay INR 91300 in full; only INR 13812.38 is safe today. The lowest projected balance is INR 72012.38 on 2024-09-14, keeping the INR 58200 minimum protected."
request_272,5415269.10,affordable_with_plan,installments,2025-02-12:4709466.67|2025-03-12:4709466.67|2025-04-09:4709466.67,2025-03-15,none,"Use 3 installments of IDR 4709466.67 starting 2025-02-12 (payment_option_780). The lowest projected balance is IDR 8214402.43 on 2025-02-13, keeping the IDR 7508600 minimum protected."
request_273,9628167.38,affordable_with_plan,partial_payment,2026-04-07:9628167.38|2026-04-15:6232832.62,2026-04-15,none,"Pay IDR 9628167.38 today and the remaining IDR 6232832.62 on 2026-04-15. The lowest projected balance is IDR 18774600 on 2026-04-12, keeping the IDR 18774600 minimum protected."
request_274,2131.94,affordable_with_plan,installments,2024-12-04:940.75|2025-01-04:940.75|2025-02-04:940.75,2025-01-15,reduce_to:event_25181:51.60,"Reduce Clothing and household items to EUR 51.60, then use 3 installments of EUR 940.75 starting 2024-12-04 (payment_option_785). The lowest projected balance is EUR 1916.84 on 2025-02-13, keeping the EUR 1800 minimum protected."
request_275,15884000,affordable_now,full_payment,2025-05-06:15884000,2025-05-06,none,"Pay IDR 15884000 in full today. The lowest projected balance is IDR 14257667.16 on 2025-05-14, keeping the IDR 12760100 minimum protected."
